method,scramble,total,step1,step2,step3,step4,step5,step6,step7
"CFOP",0,49,5,5,6,6,7,6,14
"CFOP",1,52,6,5,5,6,6,11,13
"CFOP",2,49,6,5,5,5,7,11,10
"CFOP",3,53,5,5,6,6,7,11,13
"CFOP",4,48,6,4,6,6,7,9,10
"CFOP",5,52,6,5,6,7,7,7,14
"CFOP",6,51,6,6,6,4,9,7,13
"CFOP",7,45,6,5,6,3,6,9,10
"CFOP",8,51,6,3,6,6,8,10,12
"CFOP",9,47,6,6,5,4,7,9,10
"CFOP",10,50,6,5,4,6,6,11,12
"CFOP",11,51,6,6,6,7,7,9,10
"CFOP",12,51,6,5,6,6,7,9,12
"CFOP",13,44,7,4,5,5,3,7,13
"CFOP",14,55,6,6,6,6,6,11,14
"CFOP",15,53,5,6,4,8,7,10,13
"CFOP",16,50,6,5,6,5,8,7,13
"CFOP",17,53,6,7,4,6,8,10,12
"CFOP",18,42,7,5,5,4,3,9,9
"CFOP",19,49,5,5,6,6,7,10,10
"CFOP",20,48,6,5,5,5,8,10,9
"CFOP",21,51,5,5,5,7,8,8,13
"CFOP",22,47,4,5,6,6,7,9,10
"CFOP",23,52,6,5,6,5,5,10,15
"CFOP",24,52,7,6,5,6,8,10,10
"CFOP",25,56,5,6,6,7,8,11,13
"CFOP",26,49,6,5,5,6,8,9,10
"CFOP",27,51,6,6,3,5,8,10,13
"CFOP",28,52,6,4,4,6,7,11,14
"CFOP",29,53,6,5,6,8,8,7,13
"CFOP",30,51,6,6,6,7,7,10,9
"CFOP",31,48,5,5,5,7,6,10,10
"CFOP",32,54,6,5,7,6,8,10,12
"CFOP",33,45,5,5,3,5,8,9,10
"CFOP",34,51,6,3,7,6,6,11,12
"CFOP",35,54,6,5,7,7,7,10,12
"CFOP",36,47,6,6,6,5,4,10,10
"CFOP",37,54,7,5,5,7,7,10,13
"CFOP",38,44,6,6,5,4,4,7,12
"CFOP",39,49,6,6,5,5,8,6,13
"CFOP",40,48,6,5,7,7,3,10,10
"CFOP",41,51,6,5,4,6,7,10,13
"CFOP",42,54,6,5,6,7,6,11,13
"CFOP",43,50,6,5,5,6,8,7,13
"CFOP",44,49,5,6,6,6,6,7,13
"CFOP",45,49,6,5,6,6,6,10,10
"CFOP",46,50,6,5,5,5,7,8,14
"CFOP",47,50,7,4,5,7,8,9,10
"CFOP",48,49,6,5,5,6,8,9,10
"CFOP",49,53,6,5,6,7,9,9,11
"CFOP",50,51,6,3,5,6,8,9,14
"CFOP",51,46,7,6,6,3,3,8,13
"CFOP",52,51,6,5,4,7,7,10,12
"CFOP",53,55,5,5,6,7,9,10,13
"CFOP",54,48,6,5,3,6,8,10,10
"CFOP",55,44,5,5,6,4,3,11,10
"CFOP",56,50,5,6,5,6,6,9,13
"CFOP",57,48,6,5,4,6,8,10,9
"CFOP",58,54,5,6,6,7,7,10,13
"CFOP",59,48,6,4,3,6,6,9,14
"CFOP",60,48,6,5,5,5,7,10,10
"CFOP",61,54,6,7,5,6,7,9,14
"CFOP",62,48,5,6,6,5,6,10,10
"CFOP",63,51,5,4,6,6,7,10,13
"CFOP",64,53,5,5,6,7,8,11,11
"CFOP",65,45,5,5,6,5,7,7,10
"CFOP",66,51,5,5,6,7,7,11,10
"CFOP",67,45,6,4,4,4,7,10,10
"CFOP",68,54,5,5,6,6,8,10,14
"CFOP",69,41,6,3,4,6,3,6,13
"CFOP",70,50,6,3,6,5,7,10,13
"CFOP",71,48,5,5,5,7,7,7,12
"CFOP",72,52,6,5,6,6,6,10,13
"CFOP",73,56,6,7,6,5,8,11,13
"CFOP",74,51,6,5,5,6,7,9,13
"CFOP",75,48,6,5,6,6,3,9,13
"CFOP",76,50,6,5,4,6,7,11,11
"CFOP",77,51,6,6,5,7,8,10,9
"CFOP",78,43,5,6,6,3,6,7,10
"CFOP",79,55,5,6,7,6,8,10,13
"CFOP",80,50,5,5,5,6,7,9,13
"CFOP",81,48,5,3,4,6,7,10,13
"CFOP",82,51,6,4,6,6,7,10,12
"CFOP",83,52,6,5,6,5,7,9,14
"CFOP",84,47,6,4,5,4,8,10,10
"CFOP",85,52,6,5,5,6,6,10,14
"CFOP",86,52,6,5,6,7,8,10,10
"CFOP",87,49,6,5,6,5,8,9,10
"CFOP",88,48,5,5,5,6,7,10,10
"CFOP",89,53,5,5,6,6,7,11,13
"CFOP",90,57,7,6,7,6,8,10,13
"CFOP",91,51,6,3,5,5,7,11,14
"CFOP",92,44,6,5,4,3,6,10,10
"CFOP",93,53,7,6,4,6,7,10,13
"CFOP",94,53,6,6,5,6,8,9,13
"CFOP",95,50,5,4,6,6,7,10,12
"CFOP",96,57,7,5,7,7,7,11,13
"CFOP",97,51,5,6,5,7,8,7,13
"CFOP",98,51,6,6,6,7,7,6,13
"CFOP",99,48,7,6,5,7,7,6,10
"CFOP + 1LLL",0,41,5,5,6,6,7,12
"CFOP + 1LLL",1,42,6,5,5,6,6,14
"CFOP + 1LLL",2,42,6,5,5,5,7,14
"CFOP + 1LLL",3,42,5,5,6,6,7,13
"CFOP + 1LLL",4,42,6,4,6,6,7,13
"CFOP + 1LLL",5,44,6,5,6,7,7,13
"CFOP + 1LLL",6,43,6,6,6,4,9,12
"CFOP + 1LLL",7,36,6,5,6,3,6,10
"CFOP + 1LLL",8,42,6,3,6,6,8,13
"CFOP + 1LLL",9,41,6,6,5,4,7,13
"CFOP + 1LLL",10,41,6,5,4,6,6,14
"CFOP + 1LLL",11,43,6,6,6,7,7,11
"CFOP + 1LLL",12,42,6,5,6,6,7,12
"CFOP + 1LLL",13,39,7,4,5,5,3,15
"CFOP + 1LLL",14,45,6,6,6,6,6,15
"CFOP + 1LLL",15,43,5,6,4,8,7,13
"CFOP + 1LLL",16,42,6,5,6,5,8,12
"CFOP + 1LLL",17,43,6,7,4,6,8,12
"CFOP + 1LLL",18,37,7,5,5,4,3,13
"CFOP + 1LLL",19,42,5,5,6,6,7,13
"CFOP + 1LLL",20,40,6,5,5,5,8,11
"CFOP + 1LLL",21,42,5,5,5,7,8,12
"CFOP + 1LLL",22,38,4,5,6,6,7,10
"CFOP + 1LLL",23,40,6,5,6,5,5,13
"CFOP + 1LLL",24,45,7,6,5,6,8,13
"CFOP + 1LLL",25,46,5,6,6,7,8,14
"CFOP + 1LLL",26,42,6,5,5,6,8,12
"CFOP + 1LLL",27,42,6,6,3,5,8,14
"CFOP + 1LLL",28,41,6,4,4,6,7,14
"CFOP + 1LLL",29,46,6,5,6,8,8,13
"CFOP + 1LLL",30,45,6,6,6,7,7,13
"CFOP + 1LLL",31,43,5,5,5,7,6,15
"CFOP + 1LLL",32,45,6,5,7,6,8,13
"CFOP + 1LLL",33,39,5,5,3,5,8,13
"CFOP + 1LLL",34,41,6,3,7,6,6,13
"CFOP + 1LLL",35,44,6,5,7,7,7,12
"CFOP + 1LLL",36,40,6,6,6,5,4,13
"CFOP + 1LLL",37,46,7,5,5,7,7,15
"CFOP + 1LLL",38,40,6,6,5,4,4,15
"CFOP + 1LLL",39,44,6,6,5,5,8,14
"CFOP + 1LLL",40,41,6,5,7,7,3,13
"CFOP + 1LLL",41,42,6,5,4,6,7,14
"CFOP + 1LLL",42,41,6,5,6,7,6,11
"CFOP + 1LLL",43,45,6,5,5,6,8,15
"CFOP + 1LLL",44,43,5,6,6,6,6,14
"CFOP + 1LLL",45,41,6,5,6,6,6,12
"CFOP + 1LLL",46,41,6,5,5,5,7,13
"CFOP + 1LLL",47,43,7,4,5,7,8,12
"CFOP + 1LLL",48,41,6,5,5,6,8,11
"CFOP + 1LLL",49,45,6,5,6,7,9,12
"CFOP + 1LLL",50,41,6,3,5,6,8,13
"CFOP + 1LLL",51,38,7,6,6,3,3,13
"CFOP + 1LLL",52,44,6,5,4,7,7,15
"CFOP + 1LLL",53,46,5,5,6,7,9,14
"CFOP + 1LLL",54,40,6,5,3,6,8,12
"CFOP + 1LLL",55,37,5,5,6,4,3,14
"CFOP + 1LLL",56,41,5,6,5,6,6,13
"CFOP + 1LLL",57,42,6,5,4,6,8,13
"CFOP + 1LLL",58,44,5,6,6,7,7,13
"CFOP + 1LLL",59,38,6,4,3,6,6,13
"CFOP + 1LLL",60,41,6,5,5,5,7,13
"CFOP + 1LLL",61,45,6,7,5,6,7,14
"CFOP + 1LLL",62,43,5,6,6,5,6,15
"CFOP + 1LLL",63,42,5,4,6,6,7,14
"CFOP + 1LLL",64,44,5,5,6,7,8,13
"CFOP + 1LLL",65,41,5,5,6,5,7,13
"CFOP + 1LLL",66,45,5,5,6,7,7,15
"CFOP + 1LLL",67,36,6,4,4,4,7,11
"CFOP + 1LLL",68,41,5,5,6,6,8,11
"CFOP + 1LLL",69,34,6,3,4,6,3,12
"CFOP + 1LLL",70,41,6,3,6,5,7,14
"CFOP + 1LLL",71,42,5,5,5,7,7,13
"CFOP + 1LLL",72,43,6,5,6,6,6,14
"CFOP + 1LLL",73,47,6,7,6,5,8,15
"CFOP + 1LLL",74,42,6,5,5,6,7,13
"CFOP + 1LLL",75,39,6,5,6,6,3,13
"CFOP + 1LLL",76,43,6,5,4,6,7,15
"CFOP + 1LLL",77,45,6,6,5,7,8,13
"CFOP + 1LLL",78,38,5,6,6,3,6,12
"CFOP + 1LLL",79,45,5,6,7,6,8,13
"CFOP + 1LLL",80,41,5,5,5,6,7,13
"CFOP + 1LLL",81,37,5,3,4,6,7,12
"CFOP + 1LLL",82,43,6,4,6,6,7,14
"CFOP + 1LLL",83,44,6,5,6,5,7,15
"CFOP + 1LLL",84,42,6,4,5,4,8,15
"CFOP + 1LLL",85,43,6,5,5,6,6,15
"CFOP + 1LLL",86,46,6,5,6,7,8,14
"CFOP + 1LLL",87,44,6,5,6,5,8,14
"CFOP + 1LLL",88,42,5,5,5,6,7,14
"CFOP + 1LLL",89,43,5,5,6,6,7,14
"CFOP + 1LLL",90,49,7,6,7,6,8,15
"CFOP + 1LLL",91,40,6,3,5,5,7,14
"CFOP + 1LLL",92,38,6,5,4,3,6,14
"CFOP + 1LLL",93,44,7,6,4,6,7,14
"CFOP + 1LLL",94,43,6,6,5,6,8,12
"CFOP + 1LLL",95,40,5,4,6,6,7,12
"CFOP + 1LLL",96,48,7,5,7,7,7,15
"CFOP + 1LLL",97,44,5,6,5,7,8,13
"CFOP + 1LLL",98,46,6,6,6,7,7,14
"CFOP + 1LLL",99,45,7,6,5,7,7,13
"ZB (ZBLS + ZBLL)",0,44,5,5,6,6,8,14
"ZB (ZBLS + ZBLL)",1,40,6,5,5,6,8,10
"ZB (ZBLS + ZBLL)",2,38,6,5,5,5,7,10
"ZB (ZBLS + ZBLL)",3,43,5,5,6,6,8,13
"ZB (ZBLS + ZBLL)",4,38,6,4,6,6,8,8
"ZB (ZBLS + ZBLL)",5,47,6,5,6,7,9,14
"ZB (ZBLS + ZBLL)",6,43,6,6,6,4,9,12
"ZB (ZBLS + ZBLL)",7,42,6,5,6,3,9,13
"ZB (ZBLS + ZBLL)",8,41,6,3,6,6,10,10
"ZB (ZBLS + ZBLL)",9,40,6,6,5,4,7,12
"ZB (ZBLS + ZBLL)",10,42,6,5,4,6,9,12
"ZB (ZBLS + ZBLL)",11,45,6,6,6,7,8,12
"ZB (ZBLS + ZBLL)",12,45,6,5,6,6,9,13
"ZB (ZBLS + ZBLL)",13,43,7,4,5,5,8,14
"ZB (ZBLS + ZBLL)",14,45,6,6,6,6,9,12
"ZB (ZBLS + ZBLL)",15,43,5,6,4,8,8,12
"ZB (ZBLS + ZBLL)",16,44,6,5,6,5,9,13
"ZB (ZBLS + ZBLL)",17,43,6,7,4,6,9,11
"ZB (ZBLS + ZBLL)",18,39,7,5,5,4,5,13
"ZB (ZBLS + ZBLL)",19,46,5,5,6,6,10,14
"ZB (ZBLS + ZBLL)",20,44,6,5,5,5,10,13
"ZB (ZBLS + ZBLL)",21,42,5,5,5,7,8,12
"ZB (ZBLS + ZBLL)",22,41,4,5,6,6,8,12
"ZB (ZBLS + ZBLL)",23,41,6,5,6,5,6,13
"ZB (ZBLS + ZBLL)",24,47,7,6,5,6,9,14
"ZB (ZBLS + ZBLL)",25,48,5,6,6,7,10,14
"ZB (ZBLS + ZBLL)",26,42,6,5,5,6,8,12
"ZB (ZBLS + ZBLL)",27,43,6,6,3,5,10,13
"ZB (ZBLS + ZBLL)",28,43,6,4,4,6,9,14
"ZB (ZBLS + ZBLL)",29,48,6,5,6,8,9,14
"ZB (ZBLS + ZBLL)",30,47,6,6,6,7,9,13
"ZB (ZBLS + ZBLL)",31,41,5,5,5,7,7,12
"ZB (ZBLS + ZBLL)",32,45,6,5,7,6,8,13
"ZB (ZBLS + ZBLL)",33,40,5,5,3,5,8,14
"ZB (ZBLS + ZBLL)",34,44,6,3,7,6,9,13
"ZB (ZBLS + ZBLL)",35,46,6,5,7,7,9,12
"ZB (ZBLS + ZBLL)",36,43,6,6,6,5,7,13
"ZB (ZBLS + ZBLL)",37,45,7,5,5,7,8,13
"ZB (ZBLS + ZBLL)",38,40,6,6,5,4,8,11
"ZB (ZBLS + ZBLL)",39,45,6,6,5,5,10,13
"ZB (ZBLS + ZBLL)",40,39,6,5,7,7,5,9
"ZB (ZBLS + ZBLL)",41,43,6,5,4,6,9,13
"ZB (ZBLS + ZBLL)",42,41,6,5,6,7,6,11
"ZB (ZBLS + ZBLL)",43,41,6,5,5,6,9,10
"ZB (ZBLS + ZBLL)",44,45,5,6,6,6,8,14
"ZB (ZBLS + ZBLL)",45,45,6,5,6,6,9,13
"ZB (ZBLS + ZBLL)",46,43,6,5,5,5,9,13
"ZB (ZBLS + ZBLL)",47,45,7,4,5,7,9,13
"ZB (ZBLS + ZBLL)",48,41,6,5,5,6,8,11
"ZB (ZBLS + ZBLL)",49,44,6,5,6,7,9,11
"ZB (ZBLS + ZBLL)",50,40,6,3,5,6,8,12
"ZB (ZBLS + ZBLL)",51,38,7,6,6,3,3,13
"ZB (ZBLS + ZBLL)",52,44,6,5,4,7,9,13
"ZB (ZBLS + ZBLL)",53,45,5,5,6,7,9,13
"ZB (ZBLS + ZBLL)",54,42,6,5,3,6,9,13
"ZB (ZBLS + ZBLL)",55,43,5,5,6,4,9,14
"ZB (ZBLS + ZBLL)",56,42,5,6,5,6,9,11
"ZB (ZBLS + ZBLL)",57,43,6,5,4,6,8,14
"ZB (ZBLS + ZBLL)",58,45,5,6,6,7,9,12
"ZB (ZBLS + ZBLL)",59,39,6,4,3,6,7,13
"ZB (ZBLS + ZBLL)",60,41,6,5,5,5,8,12
"ZB (ZBLS + ZBLL)",61,45,6,7,5,6,7,14
"ZB (ZBLS + ZBLL)",62,43,5,6,6,5,8,13
"ZB (ZBLS + ZBLL)",63,43,5,4,6,6,9,13
"ZB (ZBLS + ZBLL)",64,47,5,5,6,7,10,14
"ZB (ZBLS + ZBLL)",65,44,5,5,6,5,9,14
"ZB (ZBLS + ZBLL)",66,44,5,5,6,7,7,14
"ZB (ZBLS + ZBLL)",67,37,6,4,4,4,7,12
"ZB (ZBLS + ZBLL)",68,37,5,5,6,6,8,7
"ZB (ZBLS + ZBLL)",69,37,6,3,4,6,8,10
"ZB (ZBLS + ZBLL)",70,40,6,3,6,5,9,11
"ZB (ZBLS + ZBLL)",71,44,5,5,5,7,9,13
"ZB (ZBLS + ZBLL)",72,43,6,5,6,6,8,12
"ZB (ZBLS + ZBLL)",73,45,6,7,6,5,9,12
"ZB (ZBLS + ZBLL)",74,42,6,5,5,6,7,13
"ZB (ZBLS + ZBLL)",75,39,6,5,6,6,3,13
"ZB (ZBLS + ZBLL)",76,43,6,5,4,6,10,12
"ZB (ZBLS + ZBLL)",77,45,6,6,5,7,8,13
"ZB (ZBLS + ZBLL)",78,44,5,6,6,3,10,14
"ZB (ZBLS + ZBLL)",79,41,5,6,7,6,8,9
"ZB (ZBLS + ZBLL)",80,43,5,5,5,6,9,13
"ZB (ZBLS + ZBLL)",81,40,5,3,4,6,9,13
"ZB (ZBLS + ZBLL)",82,43,6,4,6,6,7,14
"ZB (ZBLS + ZBLL)",83,44,6,5,6,5,9,13
"ZB (ZBLS + ZBLL)",84,41,6,4,5,4,9,13
"ZB (ZBLS + ZBLL)",85,45,6,5,5,6,9,14
"ZB (ZBLS + ZBLL)",86,46,6,5,6,7,9,13
"ZB (ZBLS + ZBLL)",87,43,6,5,6,5,8,13
"ZB (ZBLS + ZBLL)",88,44,5,5,5,6,9,14
"ZB (ZBLS + ZBLL)",89,41,5,5,6,6,9,10
"ZB (ZBLS + ZBLL)",90,47,7,6,7,6,9,12
"ZB (ZBLS + ZBLL)",91,41,6,3,5,5,9,13
"ZB (ZBLS + ZBLL)",92,38,6,5,4,3,7,13
"ZB (ZBLS + ZBLL)",93,44,7,6,4,6,9,12
"ZB (ZBLS + ZBLL)",94,44,6,6,5,6,9,12
"ZB (ZBLS + ZBLL)",95,42,5,4,6,6,9,12
"ZB (ZBLS + ZBLL)",96,48,7,5,7,7,10,12
"ZB (ZBLS + ZBLL)",97,43,5,6,5,7,8,12
"ZB (ZBLS + ZBLL)",98,47,6,6,6,7,9,13
"ZB (ZBLS + ZBLL)",99,47,7,6,5,7,8,14
"ZZ (ZBLL)",0,36,7,9,9,11
"ZZ (ZBLL)",1,40,7,9,10,14
"ZZ (ZBLL)",2,40,7,9,9,15
"ZZ (ZBLL)",3,34,6,7,8,13
"ZZ (ZBLL)",4,36,5,9,10,12
"ZZ (ZBLL)",5,38,6,9,10,13
"ZZ (ZBLL)",6,34,4,8,8,14
"ZZ (ZBLL)",7,34,5,7,8,14
"ZZ (ZBLL)",8,33,7,7,6,13
"ZZ (ZBLL)",9,37,6,9,8,14
"ZZ (ZBLL)",10,38,7,9,10,12
"ZZ (ZBLL)",11,35,6,8,9,12
"ZZ (ZBLL)",12,35,5,8,10,12
"ZZ (ZBLL)",13,37,7,8,10,12
"ZZ (ZBLL)",14,39,7,9,10,13
"ZZ (ZBLL)",15,36,6,8,8,14
"ZZ (ZBLL)",16,38,7,8,10,13
"ZZ (ZBLL)",17,37,6,7,10,14
"ZZ (ZBLL)",18,36,6,9,8,13
"ZZ (ZBLL)",19,35,6,8,8,13
"ZZ (ZBLL)",20,33,6,8,9,10
"ZZ (ZBLL)",21,34,4,6,10,14
"ZZ (ZBLL)",22,33,3,7,10,13
"ZZ (ZBLL)",23,39,7,8,10,14
"ZZ (ZBLL)",24,38,7,9,9,13
"ZZ (ZBLL)",25,39,7,8,11,13
"ZZ (ZBLL)",26,35,6,8,9,12
"ZZ (ZBLL)",27,39,6,9,10,14
"ZZ (ZBLL)",28,33,6,7,11,9
"ZZ (ZBLL)",29,38,7,9,9,13
"ZZ (ZBLL)",30,37,6,9,8,14
"ZZ (ZBLL)",31,40,7,9,9,15
"ZZ (ZBLL)",32,35,6,8,10,11
"ZZ (ZBLL)",33,39,6,9,10,14
"ZZ (ZBLL)",34,39,7,9,9,14
"ZZ (ZBLL)",35,41,6,10,11,14
"ZZ (ZBLL)",36,39,6,9,11,13
"ZZ (ZBLL)",37,35,7,8,9,11
"ZZ (ZBLL)",38,36,6,8,10,12
"ZZ (ZBLL)",39,34,6,8,6,14
"ZZ (ZBLL)",40,38,6,9,9,14
"ZZ (ZBLL)",41,39,7,9,9,14
"ZZ (ZBLL)",42,31,7,8,8,8
"ZZ (ZBLL)",43,38,8,9,9,12
"ZZ (ZBLL)",44,36,6,7,9,14
"ZZ (ZBLL)",45,38,6,8,10,14
"ZZ (ZBLL)",46,36,5,8,10,13
"ZZ (ZBLL)",47,37,7,9,9,12
"ZZ (ZBLL)",48,33,6,5,10,12
"ZZ (ZBLL)",49,37,6,9,8,14
"ZZ (ZBLL)",50,34,6,8,9,11
"ZZ (ZBLL)",51,36,6,6,11,13
"ZZ (ZBLL)",52,35,5,9,10,11
"ZZ (ZBLL)",53,35,6,8,10,11
"ZZ (ZBLL)",54,37,7,7,10,13
"ZZ (ZBLL)",55,36,6,8,9,13
"ZZ (ZBLL)",56,40,7,9,10,14
"ZZ (ZBLL)",57,37,5,8,10,14
"ZZ (ZBLL)",58,39,6,9,11,13
"ZZ (ZBLL)",59,38,7,8,10,13
"ZZ (ZBLL)",60,36,6,8,9,13
"ZZ (ZBLL)",61,38,6,8,11,13
"ZZ (ZBLL)",62,36,5,9,9,13
"ZZ (ZBLL)",63,36,6,7,9,14
"ZZ (ZBLL)",64,35,6,8,9,12
"ZZ (ZBLL)",65,39,6,9,10,14
"ZZ (ZBLL)",66,38,5,9,10,14
"ZZ (ZBLL)",67,38,6,9,10,13
"ZZ (ZBLL)",68,38,5,9,10,14
"ZZ (ZBLL)",69,36,6,10,9,11
"ZZ (ZBLL)",70,37,6,8,9,14
"ZZ (ZBLL)",71,39,7,10,10,12
"ZZ (ZBLL)",72,37,6,8,10,13
"ZZ (ZBLL)",73,37,5,9,10,13
"ZZ (ZBLL)",74,39,7,9,10,13
"ZZ (ZBLL)",75,36,6,8,9,13
"ZZ (ZBLL)",76,34,7,8,8,11
"ZZ (ZBLL)",77,39,7,9,10,13
"ZZ (ZBLL)",78,38,6,9,10,13
"ZZ (ZBLL)",79,36,6,9,8,13
"ZZ (ZBLL)",80,36,4,9,9,14
"ZZ (ZBLL)",81,34,7,8,8,11
"ZZ (ZBLL)",82,36,5,8,9,14
"ZZ (ZBLL)",83,37,6,8,10,13
"ZZ (ZBLL)",84,40,7,9,10,14
"ZZ (ZBLL)",85,36,6,7,10,13
"ZZ (ZBLL)",86,38,6,8,10,14
"ZZ (ZBLL)",87,35,6,8,11,10
"ZZ (ZBLL)",88,37,5,8,10,14
"ZZ (ZBLL)",89,37,5,7,11,14
"ZZ (ZBLL)",90,31,7,9,7,8
"ZZ (ZBLL)",91,34,7,9,8,10
"ZZ (ZBLL)",92,38,7,8,10,13
"ZZ (ZBLL)",93,37,6,9,8,14
"ZZ (ZBLL)",94,35,7,7,10,11
"ZZ (ZBLL)",95,39,6,9,10,14
"ZZ (ZBLL)",96,35,6,8,9,12
"ZZ (ZBLL)",97,36,6,9,7,14
"ZZ (ZBLL)",98,38,6,9,9,14
"ZZ (ZBLL)",99,39,6,9,10,14
"Petrus (ZBLL)",0,40,6,5,6,10,13
"Petrus (ZBLL)",1,41,6,6,7,9,13
"Petrus (ZBLL)",2,39,7,5,3,10,14
"Petrus (ZBLL)",3,39,5,6,5,9,14
"Petrus (ZBLL)",4,41,5,8,5,9,14
"Petrus (ZBLL)",5,36,6,6,5,8,11
"Petrus (ZBLL)",6,39,7,7,3,10,12
"Petrus (ZBLL)",7,41,6,6,5,10,14
"Petrus (ZBLL)",8,43,6,6,6,11,14
"Petrus (ZBLL)",9,41,6,7,4,11,13
"Petrus (ZBLL)",10,41,6,4,8,10,13
"Petrus (ZBLL)",11,40,7,7,3,10,13
"Petrus (ZBLL)",12,40,6,7,4,11,12
"Petrus (ZBLL)",13,41,7,6,5,10,13
"Petrus (ZBLL)",14,41,6,7,8,9,11
"Petrus (ZBLL)",15,40,5,7,6,9,13
"Petrus (ZBLL)",16,37,7,7,0,10,13
"Petrus (ZBLL)",17,42,7,6,5,10,14
"Petrus (ZBLL)",18,36,6,6,4,9,11
"Petrus (ZBLL)",19,37,6,4,5,11,11
"Petrus (ZBLL)",20,39,5,5,6,10,13
"Petrus (ZBLL)",21,36,5,6,3,8,14
"Petrus (ZBLL)",22,36,5,6,0,11,14
"Petrus (ZBLL)",23,44,7,6,8,10,13
"Petrus (ZBLL)",24,31,6,5,4,6,10
"Petrus (ZBLL)",25,38,5,6,5,9,13
"Petrus (ZBLL)",26,39,6,7,5,8,13
"Petrus (ZBLL)",27,43,7,6,6,10,14
"Petrus (ZBLL)",28,31,4,5,3,10,9
"Petrus (ZBLL)",29,38,5,5,5,9,14
"Petrus (ZBLL)",30,40,6,6,5,11,12
"Petrus (ZBLL)",31,40,5,7,6,9,13
"Petrus (ZBLL)",32,38,7,7,5,9,10
"Petrus (ZBLL)",33,40,6,6,4,10,14
"Petrus (ZBLL)",34,43,7,7,5,10,14
"Petrus (ZBLL)",35,39,6,7,5,9,12
"Petrus (ZBLL)",36,40,7,8,4,10,11
"Petrus (ZBLL)",37,38,6,5,6,7,14
"Petrus (ZBLL)",38,41,7,6,4,10,14
"Petrus (ZBLL)",39,40,6,7,5,11,11
"Petrus (ZBLL)",40,39,6,6,4,10,13
"Petrus (ZBLL)",41,41,5,7,6,10,13
"Petrus (ZBLL)",42,38,6,5,4,9,14
"Petrus (ZBLL)",43,40,6,7,5,10,12
"Petrus (ZBLL)",44,36,7,6,3,10,10
"Petrus (ZBLL)",45,40,7,7,5,7,14
"Petrus (ZBLL)",46,39,6,7,6,8,12
"Petrus (ZBLL)",47,38,6,7,5,7,13
"Petrus (ZBLL)",48,38,6,7,3,10,12
"Petrus (ZBLL)",49,39,6,6,5,9,13
"Petrus (ZBLL)",50,37,6,5,5,10,11
"Petrus (ZBLL)",51,41,6,6,6,10,13
"Petrus (ZBLL)",52,38,6,4,5,9,14
"Petrus (ZBLL)",53,37,7,6,7,9,8
"Petrus (ZBLL)",54,42,7,6,5,10,14
"Petrus (ZBLL)",55,33,5,6,4,10,8
"Petrus (ZBLL)",56,39,7,5,3,10,14
"Petrus (ZBLL)",57,38,5,6,8,6,13
"Petrus (ZBLL)",58,42,7,7,5,10,13
"Petrus (ZBLL)",59,39,6,6,5,10,12
"Petrus (ZBLL)",60,42,7,5,6,10,14
"Petrus (ZBLL)",61,39,6,7,6,8,12
"Petrus (ZBLL)",62,39,6,6,3,11,13
"Petrus (ZBLL)",63,41,6,7,6,9,13
"Petrus (ZBLL)",64,39,6,5,6,9,13
"Petrus (ZBLL)",65,39,5,7,5,10,12
"Petrus (ZBLL)",66,42,6,7,6,10,13
"Petrus (ZBLL)",67,40,6,8,5,10,11
"Petrus (ZBLL)",68,40,6,7,3,11,13
"Petrus (ZBLL)",69,41,5,7,6,10,13
"Petrus (ZBLL)",70,35,6,5,4,8,12
"Petrus (ZBLL)",71,44,6,7,7,10,14
"Petrus (ZBLL)",72,35,5,6,3,9,12
"Petrus (ZBLL)",73,38,6,7,3,10,12
"Petrus (ZBLL)",74,40,7,7,3,10,13
"Petrus (ZBLL)",75,39,6,7,3,10,13
"Petrus (ZBLL)",76,34,6,4,3,10,11
"Petrus (ZBLL)",77,41,5,6,5,10,15
"Petrus (ZBLL)",78,39,6,7,5,8,13
"Petrus (ZBLL)",79,39,6,7,3,10,13
"Petrus (ZBLL)",80,36,4,6,3,9,14
"Petrus (ZBLL)",81,36,6,6,6,8,10
"Petrus (ZBLL)",82,38,6,5,5,10,12
"Petrus (ZBLL)",83,40,7,6,8,9,10
"Petrus (ZBLL)",84,42,6,6,5,11,14
"Petrus (ZBLL)",85,41,7,7,5,9,13
"Petrus (ZBLL)",86,43,6,7,8,10,12
"Petrus (ZBLL)",87,40,6,6,4,10,14
"Petrus (ZBLL)",88,41,6,5,5,11,14
"Petrus (ZBLL)",89,40,6,5,6,9,14
"Petrus (ZBLL)",90,36,6,6,5,9,10
"Petrus (ZBLL)",91,37,6,7,3,10,11
"Petrus (ZBLL)",92,42,6,7,7,9,13
"Petrus (ZBLL)",93,36,6,3,5,9,13
"Petrus (ZBLL)",94,42,6,6,5,11,14
"Petrus (ZBLL)",95,39,6,3,6,10,14
"Petrus (ZBLL)",96,35,7,7,3,9,9
"Petrus (ZBLL)",97,40,8,6,5,8,13
"Petrus (ZBLL)",98,42,7,7,5,10,13
"Petrus (ZBLL)",99,38,6,7,4,9,12
"Roux",0,34,5,9,10,10
"Roux",1,41,7,9,12,13
"Roux",2,33,6,8,9,10
"Roux",3,35,5,9,8,13
"Roux",4,30,6,10,6,8
"Roux",5,32,7,9,7,9
"Roux",6,39,7,8,11,13
"Roux",7,38,7,9,9,13
"Roux",8,41,7,10,11,13
"Roux",9,38,8,8,9,13
"Roux",10,37,7,9,9,12
"Roux",11,41,6,10,11,14
"Roux",12,42,7,10,11,14
"Roux",13,39,8,10,9,12
"Roux",14,39,7,8,10,14
"Roux",15,39,6,10,10,13
"Roux",16,39,7,10,11,11
"Roux",17,29,7,9,7,6
"Roux",18,39,6,9,10,14
"Roux",19,39,6,10,11,12
"Roux",20,38,6,10,10,12
"Roux",21,36,7,7,8,14
"Roux",22,32,6,8,8,10
"Roux",23,36,8,8,11,9
"Roux",24,32,8,10,1,13
"Roux",25,38,7,9,11,11
"Roux",26,38,6,9,9,14
"Roux",27,37,7,9,11,10
"Roux",28,37,6,10,9,12
"Roux",29,40,7,10,10,13
"Roux",30,33,7,8,10,8
"Roux",31,37,6,9,9,13
"Roux",32,35,7,9,8,11
"Roux",33,39,7,10,10,12
"Roux",34,39,8,10,9,12
"Roux",35,36,7,8,8,13
"Roux",36,40,8,10,9,13
"Roux",37,37,7,10,8,12
"Roux",38,35,7,8,8,12
"Roux",39,36,6,8,10,12
"Roux",40,38,6,10,8,14
"Roux",41,36,8,8,8,12
"Roux",42,41,7,10,10,14
"Roux",43,42,7,10,11,14
"Roux",44,38,7,9,10,12
"Roux",45,39,8,9,9,13
"Roux",46,35,5,6,11,13
"Roux",47,41,7,9,12,13
"Roux",48,35,6,10,7,12
"Roux",49,37,6,9,11,11
"Roux",50,41,8,10,9,14
"Roux",51,36,7,8,8,13
"Roux",52,38,7,9,10,12
"Roux",53,35,7,10,9,9
"Roux",54,35,8,8,8,11
"Roux",55,36,6,8,9,13
"Roux",56,39,7,10,10,12
"Roux",57,42,7,10,11,14
"Roux",58,37,7,9,11,10
"Roux",59,31,7,9,1,14
"Roux",60,39,6,10,8,15
"Roux",61,35,7,10,8,10
"Roux",62,33,7,7,7,12
"Roux",63,37,6,9,10,12
"Roux",64,40,7,9,11,13
"Roux",65,34,7,10,11,6
"Roux",66,40,8,9,9,14
"Roux",67,36,7,8,10,11
"Roux",68,37,7,10,10,10
"Roux",69,38,6,8,12,12
"Roux",70,39,7,9,10,13
"Roux",71,36,7,9,11,9
"Roux",72,41,7,9,10,15
"Roux",73,39,7,9,10,13
"Roux",74,35,6,10,9,10
"Roux",75,36,7,9,10,10
"Roux",76,34,7,8,7,12
"Roux",77,36,7,9,8,12
"Roux",78,38,7,10,7,14
"Roux",79,32,7,9,8,8
"Roux",80,35,7,9,8,11
"Roux",81,37,6,10,11,10
"Roux",82,33,6,10,7,10
"Roux",83,35,7,9,9,10
"Roux",84,34,7,8,7,12
"Roux",85,34,6,6,11,11
"Roux",86,43,8,10,11,14
"Roux",87,41,7,10,10,14
"Roux",88,39,7,9,11,12
"Roux",89,38,7,9,11,11
"Roux",90,38,7,9,10,12
"Roux",91,36,6,10,10,10
"Roux",92,39,7,9,9,14
"Roux",93,36,6,10,8,12
"Roux",94,41,8,10,11,12
"Roux",95,38,7,8,10,13
"Roux",96,42,7,10,12,13
"Roux",97,38,6,7,11,14
"Roux",98,40,7,9,10,14
"Roux",99,39,7,9,11,12
"Corners first",0,41,9,7,10,15
"Corners first",1,43,8,10,11,14
"Corners first",2,43,9,9,11,14
"Corners first",3,43,8,10,12,13
"Corners first",4,48,10,10,13,15
"Corners first",5,45,9,9,13,14
"Corners first",6,43,8,10,12,13
"Corners first",7,33,9,10,12,2
"Corners first",8,40,8,8,12,12
"Corners first",9,44,9,12,11,12
"Corners first",10,44,9,10,13,12
"Corners first",11,47,10,10,13,14
"Corners first",12,43,9,8,14,12
"Corners first",13,42,8,10,10,14
"Corners first",14,42,10,9,13,10
"Corners first",15,34,8,10,10,6
"Corners first",16,42,9,8,12,13
"Corners first",17,42,10,10,10,12
"Corners first",18,46,9,11,13,13
"Corners first",19,42,7,10,11,14
"Corners first",20,47,9,11,13,14
"Corners first",21,44,9,10,11,14
"Corners first",22,37,9,11,13,4
"Corners first",23,44,9,11,12,12
"Corners first",24,46,10,10,12,14
"Corners first",25,47,10,11,13,13
"Corners first",26,40,7,11,11,11
"Corners first",27,28,8,11,9,0
"Corners first",28,44,9,9,13,13
"Corners first",29,47,9,11,13,14
"Corners first",30,41,8,8,11,14
"Corners first",31,45,9,10,13,13
"Corners first",32,44,9,10,12,13
"Corners first",33,37,9,10,12,6
"Corners first",34,44,9,11,11,13
"Corners first",35,46,10,10,13,13
"Corners first",36,43,9,9,11,14
"Corners first",37,45,7,11,13,14
"Corners first",38,46,8,11,13,14
"Corners first",39,43,9,11,11,12
"Corners first",40,37,9,10,12,6
"Corners first",41,43,7,10,13,13
"Corners first",42,47,9,11,13,14
"Corners first",43,44,9,10,13,12
"Corners first",44,43,7,10,13,13
"Corners first",45,41,8,10,10,13
"Corners first",46,47,9,11,12,15
"Corners first",47,46,9,11,11,15
"Corners first",48,45,9,10,12,14
"Corners first",49,41,9,10,10,12
"Corners first",50,38,9,10,13,6
"Corners first",51,43,8,10,13,12
"Corners first",52,39,10,10,13,6
"Corners first",53,44,8,11,10,15
"Corners first",54,45,9,11,12,13
"Corners first",55,42,9,10,12,11
"Corners first",56,46,9,11,13,13
"Corners first",57,46,10,10,13,13
"Corners first",58,39,8,10,13,8
"Corners first",59,42,8,10,11,13
"Corners first",60,42,9,10,11,12
"Corners first",61,36,9,10,11,6
"Corners first",62,43,10,10,10,13
"Corners first",63,42,9,11,12,10
"Corners first",64,41,9,10,10,12
"Corners first",65,46,9,10,12,15
"Corners first",66,45,10,11,12,12
"Corners first",67,46,8,11,13,14
"Corners first",68,43,9,10,11,13
"Corners first",69,45,9,11,13,12
"Corners first",70,45,10,10,13,12
"Corners first",71,47,9,11,14,13
"Corners first",72,43,10,9,12,12
"Corners first",73,44,8,10,12,14
"Corners first",74,40,8,11,11,10
"Corners first",75,36,8,8,8,12
"Corners first",76,44,8,11,11,14
"Corners first",77,41,8,10,11,12
"Corners first",78,43,9,11,11,12
"Corners first",79,40,9,9,10,12
"Corners first",80,37,9,11,11,6
"Corners first",81,44,8,11,11,14
"Corners first",82,45,9,9,13,14
"Corners first",83,36,9,10,11,6
"Corners first",84,34,9,9,12,4
"Corners first",85,42,9,11,8,14
"Corners first",86,45,9,11,13,12
"Corners first",87,44,8,10,13,13
"Corners first",88,46,9,12,12,13
"Corners first",89,42,10,10,10,12
"Corners first",90,43,7,10,13,13
"Corners first",91,34,9,11,10,4
"Corners first",92,47,10,11,12,14
"Corners first",93,43,9,10,11,13
"Corners first",94,44,9,10,13,12
"Corners first",95,40,9,11,14,6
"Corners first",96,44,8,10,12,14
"Corners first",97,41,8,11,12,10
"Corners first",98,47,8,11,13,15
"Corners first",99,43,8,10,13,12
